<?xml version="1.0" encoding="UTF-8"?>
<root>
  <item name="io.agora.rtc.base.Annotations.AgoraAreaCode">
    <annotation name="androidx.annotation.IntDef">
      <val name="value" val="{io.agora.rtc.RtcEngineConfig.AreaCode.AREA_CODE_CN, io.agora.rtc.RtcEngineConfig.AreaCode.AREA_CODE_NA, io.agora.rtc.RtcEngineConfig.AreaCode.AREA_CODE_EU, io.agora.rtc.RtcEngineConfig.AreaCode.AREA_CODE_AS, io.agora.rtc.RtcEngineConfig.AreaCode.AREA_CODE_JP, io.agora.rtc.RtcEngineConfig.AreaCode.AREA_CODE_IN, io.agora.rtc.RtcEngineConfig.AreaCode.AREA_CODE_GLOB}" />
    </annotation>
  </item>
  <item name="io.agora.rtc.base.Annotations.AgoraAudienceLatencyLevelType">
    <annotation name="androidx.annotation.IntDef">
      <val name="value" val="{io.agora.rtc.Constants.AUDIENCE_LATENCY_LEVEL_LOW_LATENCY, io.agora.rtc.Constants.AUDIENCE_LATENCY_LEVEL_ULTRA_LOW_LATENCY}" />
    </annotation>
  </item>
  <item name="io.agora.rtc.base.Annotations.AgoraAudioCodecProfileType">
    <annotation name="androidx.annotation.IntDef">
      <val name="value" val="{io.agora.rtc.base.Annotations.AgoraAudioCodecProfileType.LC_AAC, io.agora.rtc.base.Annotations.AgoraAudioCodecProfileType.HE_AAC}" />
    </annotation>
  </item>
  <item name="io.agora.rtc.base.Annotations.AgoraAudioEffectPreset">
    <annotation name="androidx.annotation.IntDef">
      <val name="value" val="{io.agora.rtc.Constants.AUDIO_EFFECT_OFF, io.agora.rtc.Constants.ROOM_ACOUSTICS_KTV, io.agora.rtc.Constants.ROOM_ACOUSTICS_VOCAL_CONCERT, io.agora.rtc.Constants.ROOM_ACOUSTICS_STUDIO, io.agora.rtc.Constants.ROOM_ACOUSTICS_PHONOGRAPH, io.agora.rtc.Constants.ROOM_ACOUSTICS_VIRTUAL_STEREO, io.agora.rtc.Constants.ROOM_ACOUSTICS_SPACIAL, io.agora.rtc.Constants.ROOM_ACOUSTICS_ETHEREAL, io.agora.rtc.Constants.ROOM_ACOUSTICS_3D_VOICE, io.agora.rtc.Constants.VOICE_CHANGER_EFFECT_UNCLE, io.agora.rtc.Constants.VOICE_CHANGER_EFFECT_OLDMAN, io.agora.rtc.Constants.VOICE_CHANGER_EFFECT_BOY, io.agora.rtc.Constants.VOICE_CHANGER_EFFECT_SISTER, io.agora.rtc.Constants.VOICE_CHANGER_EFFECT_GIRL, io.agora.rtc.Constants.VOICE_CHANGER_EFFECT_PIGKING, io.agora.rtc.Constants.VOICE_CHANGER_EFFECT_HULK, io.agora.rtc.Constants.STYLE_TRANSFORMATION_RNB, io.agora.rtc.Constants.STYLE_TRANSFORMATION_POPULAR, io.agora.rtc.Constants.PITCH_CORRECTION}" />
    </annotation>
  </item>
  <item name="io.agora.rtc.base.Annotations.AgoraAudioEqualizationBandFrequency">
    <annotation name="androidx.annotation.IntDef">
      <val name="value" val="{io.agora.rtc.Constants.AUDIO_EQUALIZATION_BAND_31, io.agora.rtc.Constants.AUDIO_EQUALIZATION_BAND_62, io.agora.rtc.Constants.AUDIO_EQUALIZATION_BAND_125, io.agora.rtc.Constants.AUDIO_EQUALIZATION_BAND_250, io.agora.rtc.Constants.AUDIO_EQUALIZATION_BAND_500, io.agora.rtc.Constants.AUDIO_EQUALIZATION_BAND_1K, io.agora.rtc.Constants.AUDIO_EQUALIZATION_BAND_2K, io.agora.rtc.Constants.AUDIO_EQUALIZATION_BAND_4K, io.agora.rtc.Constants.AUDIO_EQUALIZATION_BAND_8K, io.agora.rtc.Constants.AUDIO_EQUALIZATION_BAND_16K}" />
    </annotation>
  </item>
  <item name="io.agora.rtc.base.Annotations.AgoraAudioLocalError">
    <annotation name="androidx.annotation.IntDef">
      <val name="value" val="{io.agora.rtc.Constants.LOCAL_AUDIO_STREAM_ERROR_OK, io.agora.rtc.Constants.LOCAL_AUDIO_STREAM_ERROR_FAILURE, io.agora.rtc.Constants.LOCAL_AUDIO_STREAM_ERROR_DEVICE_NO_PERMISSION, io.agora.rtc.Constants.LOCAL_AUDIO_STREAM_ERROR_DEVICE_BUSY, io.agora.rtc.Constants.LOCAL_AUDIO_STREAM_ERROR_CAPTURE_FAILURE, io.agora.rtc.Constants.LOCAL_AUDIO_STREAM_ERROR_ENCODE_FAILURE}" />
    </annotation>
  </item>
  <item name="io.agora.rtc.base.Annotations.AgoraAudioLocalState">
    <annotation name="androidx.annotation.IntDef">
      <val name="value" val="{io.agora.rtc.Constants.LOCAL_AUDIO_STREAM_STATE_STOPPED, io.agora.rtc.Constants.LOCAL_AUDIO_STREAM_STATE_CAPTURING, io.agora.rtc.Constants.LOCAL_AUDIO_STREAM_STATE_ENCODING, io.agora.rtc.Constants.LOCAL_AUDIO_STREAM_STATE_FAILED}" />
    </annotation>
  </item>
  <item name="io.agora.rtc.base.Annotations.AgoraAudioMixingErrorCode">
    <annotation name="androidx.annotation.IntDef">
      <val name="value" val="{io.agora.rtc.Constants.MEDIA_ENGINE_AUDIO_ERROR_MIXING_OPEN, io.agora.rtc.Constants.MEDIA_ENGINE_AUDIO_ERROR_MIXING_TOO_FREQUENT, io.agora.rtc.Constants.MEDIA_ENGINE_AUDIO_EVENT_MIXING_INTERRUPTED_EOF, io.agora.rtc.base.Annotations.AgoraAudioMixingErrorCode.MEDIA_ENGINE_AUDIO_ERROR_OK}" />
    </annotation>
  </item>
  <item name="io.agora.rtc.base.Annotations.AgoraAudioMixingStateCode">
    <annotation name="androidx.annotation.IntDef">
      <val name="value" val="{io.agora.rtc.Constants.MEDIA_ENGINE_AUDIO_EVENT_MIXING_PLAY, io.agora.rtc.Constants.MEDIA_ENGINE_AUDIO_EVENT_MIXING_PAUSED, io.agora.rtc.Constants.MEDIA_ENGINE_AUDIO_EVENT_MIXING_STOPPED, io.agora.rtc.Constants.MEDIA_ENGINE_AUDIO_EVENT_MIXING_ERROR}" />
    </annotation>
  </item>
  <item name="io.agora.rtc.base.Annotations.AgoraAudioOutputRouting">
    <annotation name="androidx.annotation.IntDef">
      <val name="value" val="{io.agora.rtc.Constants.AUDIO_ROUTE_DEFAULT, io.agora.rtc.Constants.AUDIO_ROUTE_HEADSET, io.agora.rtc.Constants.AUDIO_ROUTE_EARPIECE, io.agora.rtc.Constants.AUDIO_ROUTE_HEADSETNOMIC, io.agora.rtc.Constants.AUDIO_ROUTE_SPEAKERPHONE, io.agora.rtc.Constants.AUDIO_ROUTE_LOUDSPEAKER, io.agora.rtc.Constants.AUDIO_ROUTE_HEADSETBLUETOOTH}" />
    </annotation>
  </item>
  <item name="io.agora.rtc.base.Annotations.AgoraAudioProfile">
    <annotation name="androidx.annotation.IntDef">
      <val name="value" val="{io.agora.rtc.Constants.AUDIO_PROFILE_DEFAULT, io.agora.rtc.Constants.AUDIO_PROFILE_SPEECH_STANDARD, io.agora.rtc.Constants.AUDIO_PROFILE_MUSIC_STANDARD, io.agora.rtc.Constants.AUDIO_PROFILE_MUSIC_STANDARD_STEREO, io.agora.rtc.Constants.AUDIO_PROFILE_MUSIC_HIGH_QUALITY, io.agora.rtc.Constants.AUDIO_PROFILE_MUSIC_HIGH_QUALITY_STEREO}" />
    </annotation>
  </item>
  <item name="io.agora.rtc.base.Annotations.AgoraAudioRecordingQuality">
    <annotation name="androidx.annotation.IntDef">
      <val name="value" val="{io.agora.rtc.Constants.AUDIO_RECORDING_QUALITY_LOW, io.agora.rtc.Constants.AUDIO_RECORDING_QUALITY_MEDIUM, io.agora.rtc.Constants.AUDIO_RECORDING_QUALITY_HIGH}" />
    </annotation>
  </item>
  <item name="io.agora.rtc.base.Annotations.AgoraAudioRemoteState">
    <annotation name="androidx.annotation.IntDef">
      <val name="value" val="{io.agora.rtc.Constants.REMOTE_AUDIO_STATE_STOPPED, io.agora.rtc.Constants.REMOTE_AUDIO_STATE_STARTING, io.agora.rtc.Constants.REMOTE_AUDIO_STATE_DECODING, io.agora.rtc.Constants.REMOTE_AUDIO_STATE_FROZEN, io.agora.rtc.Constants.REMOTE_AUDIO_STATE_FAILED}" />
    </annotation>
  </item>
  <item name="io.agora.rtc.base.Annotations.AgoraAudioRemoteStateReason">
    <annotation name="androidx.annotation.IntDef">
      <val name="value" val="{io.agora.rtc.Constants.REMOTE_AUDIO_REASON_INTERNAL, io.agora.rtc.Constants.REMOTE_AUDIO_REASON_NETWORK_CONGESTION, io.agora.rtc.Constants.REMOTE_AUDIO_REASON_NETWORK_RECOVERY, io.agora.rtc.Constants.REMOTE_AUDIO_REASON_LOCAL_MUTED, io.agora.rtc.Constants.REMOTE_AUDIO_REASON_LOCAL_UNMUTED, io.agora.rtc.Constants.REMOTE_AUDIO_REASON_REMOTE_MUTED, io.agora.rtc.Constants.REMOTE_AUDIO_REASON_REMOTE_UNMUTED, io.agora.rtc.Constants.REMOTE_AUDIO_REASON_REMOTE_OFFLINE}" />
    </annotation>
  </item>
  <item name="io.agora.rtc.base.Annotations.AgoraAudioReverbPreset">
    <annotation name="androidx.annotation.IntDef">
      <val name="value" val="{io.agora.rtc.Constants.AUDIO_REVERB_OFF, io.agora.rtc.Constants.AUDIO_REVERB_POPULAR, io.agora.rtc.Constants.AUDIO_REVERB_RNB, io.agora.rtc.Constants.AUDIO_REVERB_ROCK, io.agora.rtc.Constants.AUDIO_REVERB_HIPHOP, io.agora.rtc.Constants.AUDIO_REVERB_VOCAL_CONCERT, io.agora.rtc.Constants.AUDIO_REVERB_KTV, io.agora.rtc.Constants.AUDIO_REVERB_STUDIO, io.agora.rtc.Constants.AUDIO_REVERB_FX_KTV, io.agora.rtc.Constants.AUDIO_REVERB_FX_VOCAL_CONCERT, io.agora.rtc.Constants.AUDIO_REVERB_FX_UNCLE, io.agora.rtc.Constants.AUDIO_REVERB_FX_SISTER, io.agora.rtc.Constants.AUDIO_REVERB_FX_STUDIO, io.agora.rtc.Constants.AUDIO_REVERB_FX_POPULAR, io.agora.rtc.Constants.AUDIO_REVERB_FX_RNB, io.agora.rtc.Constants.AUDIO_REVERB_FX_PHONOGRAPH, io.agora.rtc.Constants.AUDIO_VIRTUAL_STEREO}" />
    </annotation>
  </item>
  <item name="io.agora.rtc.base.Annotations.AgoraAudioReverbType">
    <annotation name="androidx.annotation.IntDef">
      <val name="value" val="{io.agora.rtc.Constants.AUDIO_REVERB_DRY_LEVEL, io.agora.rtc.Constants.AUDIO_REVERB_WET_LEVEL, io.agora.rtc.Constants.AUDIO_REVERB_ROOM_SIZE, io.agora.rtc.Constants.AUDIO_REVERB_WET_DELAY, io.agora.rtc.Constants.AUDIO_REVERB_STRENGTH}" />
    </annotation>
  </item>
  <item name="io.agora.rtc.base.Annotations.AgoraAudioSampleRateType">
    <annotation name="androidx.annotation.IntDef">
      <val name="value" val="{io.agora.rtc.base.Annotations.AgoraAudioSampleRateType.TYPE_32000, io.agora.rtc.base.Annotations.AgoraAudioSampleRateType.TYPE_44100, io.agora.rtc.base.Annotations.AgoraAudioSampleRateType.TYPE_48000}" />
    </annotation>
  </item>
  <item name="io.agora.rtc.base.Annotations.AgoraAudioScenario">
    <annotation name="androidx.annotation.IntDef">
      <val name="value" val="{io.agora.rtc.Constants.AUDIO_SCENARIO_DEFAULT, io.agora.rtc.Constants.AUDIO_SCENARIO_CHATROOM_ENTERTAINMENT, io.agora.rtc.Constants.AUDIO_SCENARIO_EDUCATION, io.agora.rtc.Constants.AUDIO_SCENARIO_GAME_STREAMING, io.agora.rtc.Constants.AUDIO_SCENARIO_SHOWROOM, io.agora.rtc.Constants.AUDIO_SCENARIO_CHATROOM_GAMING, io.agora.rtc.Constants.AUDIO_SCENARIO_IOT, io.agora.rtc.Constants.AUDIO_SCENARIO_MEETING}" />
    </annotation>
  </item>
  <item name="io.agora.rtc.base.Annotations.AgoraAudioVoiceChanger">
    <annotation name="androidx.annotation.IntDef">
      <val name="value" val="{io.agora.rtc.Constants.VOICE_CHANGER_OFF, io.agora.rtc.Constants.VOICE_CHANGER_OLDMAN, io.agora.rtc.Constants.VOICE_CHANGER_BABYBOY, io.agora.rtc.Constants.VOICE_CHANGER_BABYGIRL, io.agora.rtc.Constants.VOICE_CHANGER_ZHUBAJIE, io.agora.rtc.Constants.VOICE_CHANGER_ETHEREAL, io.agora.rtc.Constants.VOICE_CHANGER_HULK, io.agora.rtc.Constants.VOICE_BEAUTY_VIGOROUS, io.agora.rtc.Constants.VOICE_BEAUTY_DEEP, io.agora.rtc.Constants.VOICE_BEAUTY_MELLOW, io.agora.rtc.Constants.VOICE_BEAUTY_FALSETTO, io.agora.rtc.Constants.VOICE_BEAUTY_FULL, io.agora.rtc.Constants.VOICE_BEAUTY_CLEAR, io.agora.rtc.Constants.VOICE_BEAUTY_RESOUNDING, io.agora.rtc.Constants.VOICE_BEAUTY_RINGING, io.agora.rtc.Constants.VOICE_BEAUTY_SPACIAL, io.agora.rtc.Constants.GENERAL_BEAUTY_VOICE_MALE_MAGNETIC, io.agora.rtc.Constants.GENERAL_BEAUTY_VOICE_FEMALE_FRESH, io.agora.rtc.Constants.GENERAL_BEAUTY_VOICE_FEMALE_VITALITY}" />
    </annotation>
  </item>
  <item name="io.agora.rtc.base.Annotations.AgoraCameraCaptureOutputPreference">
    <annotation name="androidx.annotation.IntDef">
      <val name="value" val="{io.agora.rtc.base.Annotations.AgoraCameraCaptureOutputPreference.CAPTURER_OUTPUT_PREFERENCE_AUTO, io.agora.rtc.base.Annotations.AgoraCameraCaptureOutputPreference.CAPTURER_OUTPUT_PREFERENCE_PERFORMANCE, io.agora.rtc.base.Annotations.AgoraCameraCaptureOutputPreference.CAPTURER_OUTPUT_PREFERENCE_PREVIEW}" />
    </annotation>
  </item>
  <item name="io.agora.rtc.base.Annotations.AgoraCameraDirection">
    <annotation name="androidx.annotation.IntDef">
      <val name="value" val="{io.agora.rtc.base.Annotations.AgoraCameraDirection.CAMERA_REAR, io.agora.rtc.base.Annotations.AgoraCameraDirection.CAMERA_FRONT}" />
    </annotation>
  </item>
  <item name="io.agora.rtc.base.Annotations.AgoraChannelMediaRelayError">
    <annotation name="androidx.annotation.IntDef">
      <val name="value" val="{io.agora.rtc.Constants.RELAY_OK, io.agora.rtc.Constants.RELAY_ERROR_SERVER_ERROR_RESPONSE, io.agora.rtc.Constants.RELAY_ERROR_SERVER_NO_RESPONSE, io.agora.rtc.Constants.RELAY_ERROR_NO_RESOURCE_AVAILABLE, io.agora.rtc.Constants.RELAY_ERROR_FAILED_JOIN_SRC, io.agora.rtc.Constants.RELAY_ERROR_FAILED_JOIN_DEST, io.agora.rtc.Constants.RELAY_ERROR_FAILED_PACKET_RECEIVED_FROM_SRC, io.agora.rtc.Constants.RELAY_ERROR_FAILED_PACKET_SENT_TO_DEST, io.agora.rtc.Constants.RELAY_ERROR_SERVER_CONNECTION_LOST, io.agora.rtc.Constants.RELAY_ERROR_INTERNAL_ERROR, io.agora.rtc.Constants.RELAY_ERROR_SRC_TOKEN_EXPIRED, io.agora.rtc.Constants.RELAY_ERROR_DEST_TOKEN_EXPIRED}" />
    </annotation>
  </item>
  <item name="io.agora.rtc.base.Annotations.AgoraChannelMediaRelayEvent">
    <annotation name="androidx.annotation.IntDef">
      <val name="value" val="{io.agora.rtc.Constants.RELAY_EVENT_NETWORK_DISCONNECTED, io.agora.rtc.Constants.RELAY_EVENT_NETWORK_CONNECTED, io.agora.rtc.Constants.RELAY_EVENT_PACKET_JOINED_SRC_CHANNEL, io.agora.rtc.Constants.RELAY_EVENT_PACKET_JOINED_DEST_CHANNEL, io.agora.rtc.Constants.RELAY_EVENT_PACKET_SENT_TO_DEST_CHANNEL, io.agora.rtc.Constants.RELAY_EVENT_PACKET_RECEIVED_VIDEO_FROM_SRC, io.agora.rtc.Constants.RELAY_EVENT_PACKET_RECEIVED_AUDIO_FROM_SRC, io.agora.rtc.Constants.RELAY_EVENT_PACKET_UPDATE_DEST_CHANNEL, io.agora.rtc.Constants.RELAY_EVENT_PACKET_UPDATE_DEST_CHANNEL_REFUSED, io.agora.rtc.Constants.RELAY_EVENT_PACKET_UPDATE_DEST_CHANNEL_NOT_CHANGE, io.agora.rtc.Constants.RELAY_EVENT_PACKET_UPDATE_DEST_CHANNEL_IS_NULL, io.agora.rtc.Constants.RELAY_EVENT_VIDEO_PROFILE_UPDATE}" />
    </annotation>
  </item>
  <item name="io.agora.rtc.base.Annotations.AgoraChannelMediaRelayState">
    <annotation name="androidx.annotation.IntDef">
      <val name="value" val="{io.agora.rtc.Constants.RELAY_STATE_IDLE, io.agora.rtc.Constants.RELAY_STATE_CONNECTING, io.agora.rtc.Constants.RELAY_STATE_RUNNING, io.agora.rtc.Constants.RELAY_STATE_FAILURE}" />
    </annotation>
  </item>
  <item name="io.agora.rtc.base.Annotations.AgoraChannelProfile">
    <annotation name="androidx.annotation.IntDef">
      <val name="value" val="{io.agora.rtc.Constants.CHANNEL_PROFILE_COMMUNICATION, io.agora.rtc.Constants.CHANNEL_PROFILE_LIVE_BROADCASTING, io.agora.rtc.Constants.CHANNEL_PROFILE_GAME}" />
    </annotation>
  </item>
  <item name="io.agora.rtc.base.Annotations.AgoraClientRole">
    <annotation name="androidx.annotation.IntDef">
      <val name="value" val="{io.agora.rtc.Constants.CLIENT_ROLE_BROADCASTER, io.agora.rtc.Constants.CLIENT_ROLE_AUDIENCE}" />
    </annotation>
  </item>
  <item name="io.agora.rtc.base.Annotations.AgoraConnectionChangedReason">
    <annotation name="androidx.annotation.IntDef">
      <val name="value" val="{io.agora.rtc.Constants.CONNECTION_CHANGED_CONNECTING, io.agora.rtc.Constants.CONNECTION_CHANGED_JOIN_SUCCESS, io.agora.rtc.Constants.CONNECTION_CHANGED_INTERRUPTED, io.agora.rtc.Constants.CONNECTION_CHANGED_BANNED_BY_SERVER, io.agora.rtc.Constants.CONNECTION_CHANGED_JOIN_FAILED, io.agora.rtc.Constants.CONNECTION_CHANGED_LEAVE_CHANNEL, io.agora.rtc.Constants.CONNECTION_CHANGED_INVALID_APP_ID, io.agora.rtc.Constants.CONNECTION_CHANGED_INVALID_CHANNEL_NAME, io.agora.rtc.Constants.CONNECTION_CHANGED_INVALID_TOKEN, io.agora.rtc.Constants.CONNECTION_CHANGED_TOKEN_EXPIRED, io.agora.rtc.Constants.CONNECTION_CHANGED_REJECTED_BY_SERVER, io.agora.rtc.Constants.CONNECTION_CHANGED_SETTING_PROXY_SERVER, io.agora.rtc.Constants.CONNECTION_CHANGED_RENEW_TOKEN, io.agora.rtc.Constants.CONNECTION_CHANGED_CLIENT_IP_ADDRESS_CHANGED, io.agora.rtc.Constants.CONNECTION_CHANGED_KEEP_ALIVE_TIMEOUT}" />
    </annotation>
  </item>
  <item name="io.agora.rtc.base.Annotations.AgoraConnectionStateType">
    <annotation name="androidx.annotation.IntDef">
      <val name="value" val="{io.agora.rtc.Constants.CONNECTION_STATE_DISCONNECTED, io.agora.rtc.Constants.CONNECTION_STATE_CONNECTING, io.agora.rtc.Constants.CONNECTION_STATE_CONNECTED, io.agora.rtc.Constants.CONNECTION_STATE_RECONNECTING, io.agora.rtc.Constants.CONNECTION_STATE_FAILED}" />
    </annotation>
  </item>
  <item name="io.agora.rtc.base.Annotations.AgoraDegradationPreference">
    <annotation name="androidx.annotation.IntDef">
      <val name="value" val="{io.agora.rtc.base.Annotations.AgoraDegradationPreference.MAINTAIN_QUALITY, io.agora.rtc.base.Annotations.AgoraDegradationPreference.MAINTAIN_FRAMERATE, io.agora.rtc.base.Annotations.AgoraDegradationPreference.MAINTAIN_BALANCED}" />
    </annotation>
  </item>
  <item name="io.agora.rtc.base.Annotations.AgoraEncryptionMode">
    <annotation name="androidx.annotation.IntDef">
      <val name="value" val="{io.agora.rtc.base.Annotations.AgoraEncryptionMode.NONE, io.agora.rtc.base.Annotations.AgoraEncryptionMode.AES128XTS, io.agora.rtc.base.Annotations.AgoraEncryptionMode.AES128ECB, io.agora.rtc.base.Annotations.AgoraEncryptionMode.AES256XTS, io.agora.rtc.base.Annotations.AgoraEncryptionMode.SM4128ECB}" />
    </annotation>
  </item>
  <item name="io.agora.rtc.base.Annotations.AgoraErrorCode">
    <annotation name="androidx.annotation.IntDef">
      <val name="value" val="{io.agora.rtc.Constants.ERR_OK, io.agora.rtc.Constants.ERR_FAILED, io.agora.rtc.Constants.ERR_INVALID_ARGUMENT, io.agora.rtc.Constants.ERR_NOT_READY, io.agora.rtc.Constants.ERR_NOT_SUPPORTED, io.agora.rtc.Constants.ERR_REFUSED, io.agora.rtc.Constants.ERR_BUFFER_TOO_SMALL, io.agora.rtc.Constants.ERR_NOT_INITIALIZED, io.agora.rtc.Constants.ERR_NO_PERMISSION, io.agora.rtc.Constants.ERR_TIMEDOUT, io.agora.rtc.Constants.ERR_CANCELED, io.agora.rtc.Constants.ERR_TOO_OFTEN, io.agora.rtc.Constants.ERR_BIND_SOCKET, io.agora.rtc.Constants.ERR_NET_DOWN, io.agora.rtc.Constants.ERR_NET_NOBUFS, io.agora.rtc.Constants.ERR_JOIN_CHANNEL_REJECTED, io.agora.rtc.Constants.ERR_LEAVE_CHANNEL_REJECTED, io.agora.rtc.Constants.ERR_ALREADY_IN_USE, io.agora.rtc.Constants.ERR_INVALID_APP_ID, io.agora.rtc.Constants.ERR_INVALID_CHANNEL_NAME, io.agora.rtc.Constants.ERR_NO_SERVER_RESOURCES, io.agora.rtc.Constants.ERR_TOKEN_EXPIRED, io.agora.rtc.Constants.ERR_INVALID_TOKEN, io.agora.rtc.Constants.ERR_CONNECTION_INTERRUPTED, io.agora.rtc.Constants.ERR_CONNECTION_LOST, io.agora.rtc.Constants.ERR_NOT_IN_CHANNEL, io.agora.rtc.Constants.ERR_SIZE_TOO_LARGE, io.agora.rtc.Constants.ERR_BITRATE_LIMIT, io.agora.rtc.Constants.ERR_TOO_MANY_DATA_STREAMS, io.agora.rtc.Constants.ERR_DECRYPTION_FAILED, io.agora.rtc.Constants.ERR_CLIENT_IS_BANNED_BY_SERVER, io.agora.rtc.Constants.ERR_WATERMARK_PARAM, io.agora.rtc.Constants.ERR_WATERMARK_PATH, io.agora.rtc.Constants.ERR_WATERMARK_PNG, io.agora.rtc.Constants.ERR_WATERMARKR_INFO, io.agora.rtc.Constants.ERR_WATERMARK_ARGB, io.agora.rtc.Constants.ERR_WATERMARK_READ, io.agora.rtc.Constants.ERR_ENCRYPTED_STREAM_NOT_ALLOWED_PUBLISHED, io.agora.rtc.Constants.ERR_INVALID_USER_ACCOUNT, io.agora.rtc.Constants.ERR_PUBLISH_STREAM_CDN_ERROR, io.agora.rtc.Constants.ERR_PUBLISH_STREAM_NUM_REACH_LIMIT, io.agora.rtc.Constants.ERR_PUBLISH_STREAM_NOT_AUTHORIZED, io.agora.rtc.Constants.ERR_PUBLISH_STREAM_INTERNAL_SERVER_ERROR, io.agora.rtc.Constants.ERR_PUBLISH_STREAM_NOT_FOUND, io.agora.rtc.Constants.ERR_PUBLISH_STREAM_FORMAT_NOT_SUPPORTED, io.agora.rtc.Constants.ERR_LOAD_MEDIA_ENGINE, io.agora.rtc.Constants.ERR_START_CALL, io.agora.rtc.Constants.ERR_START_CAMERA, io.agora.rtc.Constants.ERR_START_VIDEO_RENDER, io.agora.rtc.Constants.ERR_ADM_GENERAL_ERROR, io.agora.rtc.Constants.ERR_ADM_JAVA_RESOURCE, io.agora.rtc.Constants.ERR_ADM_SAMPLE_RATE, io.agora.rtc.Constants.ERR_ADM_INIT_PLAYOUT, io.agora.rtc.Constants.ERR_ADM_START_PLAYOUT, io.agora.rtc.Constants.ERR_ADM_STOP_PLAYOUT, io.agora.rtc.Constants.ERR_ADM_INIT_RECORDING, io.agora.rtc.Constants.ERR_ADM_START_RECORDING, io.agora.rtc.Constants.ERR_ADM_STOP_RECORDING, io.agora.rtc.Constants.ERR_ADM_RUNTIME_PLAYOUT_ERROR, io.agora.rtc.Constants.ERR_ADM_RUNTIME_RECORDING_ERROR, io.agora.rtc.Constants.ERR_ADM_RECORD_AUDIO_FAILED, io.agora.rtc.Constants.ERR_ADM_INIT_LOOPBACK, io.agora.rtc.Constants.ERR_ADM_START_LOOPBACK, io.agora.rtc.Constants.ERR_AUDIO_BT_SCO_FAILED, io.agora.rtc.Constants.ERR_ADM_NO_RECORDING_DEVICE, io.agora.rtc.Constants.ERR_ADM_NO_PLAYOUT_DEVICE, io.agora.rtc.Constants.ERR_VDM_CAMERA_NOT_AUTHORIZED, io.agora.rtc.Constants.ERR_VCM_UNKNOWN_ERROR, io.agora.rtc.Constants.ERR_VCM_ENCODER_INIT_ERROR, io.agora.rtc.Constants.ERR_VCM_ENCODER_ENCODE_ERROR, io.agora.rtc.Constants.ERR_VCM_ENCODER_SET_ERROR}" />
    </annotation>
  </item>
  <item name="io.agora.rtc.base.Annotations.AgoraInjectStreamStatus">
    <annotation name="androidx.annotation.IntDef">
      <val name="value" val="{io.agora.rtc.Constants.INJECT_STREAM_STATUS_START_SUCCESS, io.agora.rtc.Constants.INJECT_STREAM_STATUS_START_ALREADY_EXISTS, io.agora.rtc.Constants.INJECT_STREAM_STATUS_START_UNAUTHORIZED, io.agora.rtc.Constants.INJECT_STREAM_STATUS_START_TIMEDOUT, io.agora.rtc.Constants.INJECT_STREAM_STATUS_START_FAILED, io.agora.rtc.Constants.INJECT_STREAM_STATUS_STOP_SUCCESS, io.agora.rtc.Constants.INJECT_STREAM_STATUS_STOP_NOT_FOUND, io.agora.rtc.Constants.INJECT_STREAM_STATUS_STOP_UNAUTHORIZED, io.agora.rtc.Constants.INJECT_STREAM_STATUS_STOP_TIMEDOUT, io.agora.rtc.Constants.INJECT_STREAM_STATUS_STOP_FAILED, io.agora.rtc.Constants.INJECT_STREAM_STATUS_BROKEN}" />
    </annotation>
  </item>
  <item name="io.agora.rtc.base.Annotations.AgoraLastmileProbeResultState">
    <annotation name="androidx.annotation.IntDef">
      <val name="value" val="{io.agora.rtc.Constants.LASTMILE_PROBE_RESULT_COMPLETE, io.agora.rtc.Constants.LASTMILE_PROBE_RESULT_INCOMPLETE_NO_BWE, io.agora.rtc.Constants.LASTMILE_PROBE_RESULT_UNAVAILABLE}" />
    </annotation>
  </item>
  <item name="io.agora.rtc.base.Annotations.AgoraLighteningContrastLevel">
    <annotation name="androidx.annotation.IntDef">
      <val name="value" val="{io.agora.rtc.video.BeautyOptions.LIGHTENING_CONTRAST_LOW, io.agora.rtc.video.BeautyOptions.LIGHTENING_CONTRAST_NORMAL, io.agora.rtc.video.BeautyOptions.LIGHTENING_CONTRAST_HIGH}" />
    </annotation>
  </item>
  <item name="io.agora.rtc.base.Annotations.AgoraLocalVideoStreamError">
    <annotation name="androidx.annotation.IntDef">
      <val name="value" val="{io.agora.rtc.Constants.LOCAL_VIDEO_STREAM_ERROR_OK, io.agora.rtc.Constants.LOCAL_VIDEO_STREAM_ERROR_FAILURE, io.agora.rtc.Constants.LOCAL_VIDEO_STREAM_ERROR_DEVICE_NO_PERMISSION, io.agora.rtc.Constants.LOCAL_VIDEO_STREAM_ERROR_DEVICE_BUSY, io.agora.rtc.Constants.LOCAL_VIDEO_STREAM_ERROR_CAPTURE_FAILURE, io.agora.rtc.Constants.LOCAL_VIDEO_STREAM_ERROR_ENCODE_FAILURE}" />
    </annotation>
  </item>
  <item name="io.agora.rtc.base.Annotations.AgoraLocalVideoStreamState">
    <annotation name="androidx.annotation.IntDef">
      <val name="value" val="{io.agora.rtc.Constants.LOCAL_VIDEO_STREAM_STATE_STOPPED, io.agora.rtc.Constants.LOCAL_VIDEO_STREAM_STATE_CAPTURING, io.agora.rtc.Constants.LOCAL_VIDEO_STREAM_STATE_ENCODING, io.agora.rtc.Constants.LOCAL_VIDEO_STREAM_STATE_FAILED}" />
    </annotation>
  </item>
  <item name="io.agora.rtc.base.Annotations.AgoraLogFilter">
    <annotation name="androidx.annotation.IntDef">
      <val name="value" val="{io.agora.rtc.Constants.LOG_FILTER_OFF, io.agora.rtc.Constants.LOG_FILTER_DEBUG, io.agora.rtc.Constants.LOG_FILTER_INFO, io.agora.rtc.Constants.LOG_FILTER_WARNING, io.agora.rtc.Constants.LOG_FILTER_ERROR, io.agora.rtc.Constants.LOG_FILTER_CRITICAL}" />
    </annotation>
  </item>
  <item name="io.agora.rtc.base.Annotations.AgoraNetworkQuality">
    <annotation name="androidx.annotation.IntDef">
      <val name="value" val="{io.agora.rtc.Constants.QUALITY_UNKNOWN, io.agora.rtc.Constants.QUALITY_EXCELLENT, io.agora.rtc.Constants.QUALITY_GOOD, io.agora.rtc.Constants.QUALITY_POOR, io.agora.rtc.Constants.QUALITY_BAD, io.agora.rtc.Constants.QUALITY_VBAD, io.agora.rtc.Constants.QUALITY_DOWN, io.agora.rtc.Constants.QUALITY_UNSUPPORTED, io.agora.rtc.Constants.QUALITY_DETECTING}" />
    </annotation>
  </item>
  <item name="io.agora.rtc.base.Annotations.AgoraNetworkType">
    <annotation name="androidx.annotation.IntDef">
      <val name="value" val="{io.agora.rtc.Constants.NETWORK_TYPE_UNKNOWN, io.agora.rtc.Constants.NETWORK_TYPE_DISCONNECTED, io.agora.rtc.Constants.NETWORK_TYPE_LAN, io.agora.rtc.Constants.NETWORK_TYPE_WIFI, io.agora.rtc.Constants.NETWORK_TYPE_MOBILE_2G, io.agora.rtc.Constants.NETWORK_TYPE_MOBILE_3G, io.agora.rtc.Constants.NETWORK_TYPE_MOBILE_4G}" />
    </annotation>
  </item>
  <item name="io.agora.rtc.base.Annotations.AgoraRtcAppType">
    <annotation name="androidx.annotation.IntDef">
      <val name="value" val="{io.agora.rtc.base.Annotations.AgoraRtcAppType.NATIVE, io.agora.rtc.base.Annotations.AgoraRtcAppType.COCOS, io.agora.rtc.base.Annotations.AgoraRtcAppType.UNITY, io.agora.rtc.base.Annotations.AgoraRtcAppType.ELECTRON, io.agora.rtc.base.Annotations.AgoraRtcAppType.FLUTTER, io.agora.rtc.base.Annotations.AgoraRtcAppType.UNREAL, io.agora.rtc.base.Annotations.AgoraRtcAppType.XAMARIN, io.agora.rtc.base.Annotations.AgoraRtcAppType.API_CLOUD, io.agora.rtc.base.Annotations.AgoraRtcAppType.REACT_NATIVE, io.agora.rtc.base.Annotations.AgoraRtcAppType.PYTHON, io.agora.rtc.base.Annotations.AgoraRtcAppType.COCOS_CREATOR, io.agora.rtc.base.Annotations.AgoraRtcAppType.RUST, io.agora.rtc.base.Annotations.AgoraRtcAppType.C_SHARP, io.agora.rtc.base.Annotations.AgoraRtcAppType.CEF, io.agora.rtc.base.Annotations.AgoraRtcAppType.UNI_APP}" />
    </annotation>
  </item>
  <item name="io.agora.rtc.base.Annotations.AgoraRtmpStreamingErrorCode">
    <annotation name="androidx.annotation.IntDef">
      <val name="value" val="{io.agora.rtc.Constants.RTMP_STREAM_PUBLISH_ERROR_OK, io.agora.rtc.Constants.RTMP_STREAM_PUBLISH_ERROR_INVALID_ARGUMENT, io.agora.rtc.Constants.RTMP_STREAM_PUBLISH_ERROR_ENCRYPTED_STREAM_NOT_ALLOWED, io.agora.rtc.Constants.RTMP_STREAM_PUBLISH_ERROR_CONNECTION_TIMEOUT, io.agora.rtc.Constants.RTMP_STREAM_PUBLISH_ERROR_INTERNAL_SERVER_ERROR, io.agora.rtc.Constants.RTMP_STREAM_PUBLISH_ERROR_RTMP_SERVER_ERROR, io.agora.rtc.Constants.RTMP_STREAM_PUBLISH_ERROR_TOO_OFTEN, io.agora.rtc.Constants.RTMP_STREAM_PUBLISH_ERROR_REACH_LIMIT, io.agora.rtc.Constants.RTMP_STREAM_PUBLISH_ERROR_NOT_AUTHORIZED, io.agora.rtc.Constants.RTMP_STREAM_PUBLISH_ERROR_STREAM_NOT_FOUND, io.agora.rtc.Constants.RTMP_STREAM_PUBLISH_ERROR_FORMAT_NOT_SUPPORTED}" />
    </annotation>
  </item>
  <item name="io.agora.rtc.base.Annotations.AgoraRtmpStreamingEvent">
    <annotation name="androidx.annotation.IntDef">
      <val name="value" val="{io.agora.rtc.Constants.RTMP_STREAMING_EVENT_FAILED_LOAD_IMAGE}" />
    </annotation>
  </item>
  <item name="io.agora.rtc.base.Annotations.AgoraRtmpStreamingState">
    <annotation name="androidx.annotation.IntDef">
      <val name="value" val="{io.agora.rtc.Constants.RTMP_STREAM_PUBLISH_STATE_IDLE, io.agora.rtc.Constants.RTMP_STREAM_PUBLISH_STATE_CONNECTING, io.agora.rtc.Constants.RTMP_STREAM_PUBLISH_STATE_RUNNING, io.agora.rtc.Constants.RTMP_STREAM_PUBLISH_STATE_RECOVERING, io.agora.rtc.Constants.RTMP_STREAM_PUBLISH_STATE_FAILURE}" />
    </annotation>
  </item>
  <item name="io.agora.rtc.base.Annotations.AgoraStreamFallbackOptions">
    <annotation name="androidx.annotation.IntDef">
      <val name="value" val="{io.agora.rtc.Constants.STREAM_FALLBACK_OPTION_DISABLED, io.agora.rtc.Constants.STREAM_FALLBACK_OPTION_VIDEO_STREAM_LOW, io.agora.rtc.Constants.STREAM_FALLBACK_OPTION_AUDIO_ONLY}" />
    </annotation>
  </item>
  <item name="io.agora.rtc.base.Annotations.AgoraStreamPublishState">
    <annotation name="androidx.annotation.IntDef">
      <val name="value" val="{io.agora.rtc.Constants.PUB_STATE_IDLE, io.agora.rtc.Constants.PUB_STATE_NO_PUBLISHED, io.agora.rtc.Constants.PUB_STATE_PUBLISHING, io.agora.rtc.Constants.PUB_STATE_PUBLISHED}" />
    </annotation>
  </item>
  <item name="io.agora.rtc.base.Annotations.AgoraStreamSubscribeState">
    <annotation name="androidx.annotation.IntDef">
      <val name="value" val="{io.agora.rtc.Constants.SUB_STATE_IDLE, io.agora.rtc.Constants.SUB_STATE_NO_SUBSCRIBED, io.agora.rtc.Constants.SUB_STATE_SUBSCRIBING, io.agora.rtc.Constants.SUB_STATE_SUBSCRIBED}" />
    </annotation>
  </item>
  <item name="io.agora.rtc.base.Annotations.AgoraUserOfflineReason">
    <annotation name="androidx.annotation.IntDef">
      <val name="value" val="{io.agora.rtc.Constants.USER_OFFLINE_QUIT, io.agora.rtc.Constants.USER_OFFLINE_DROPPED, io.agora.rtc.Constants.USER_OFFLINE_BECOME_AUDIENCE}" />
    </annotation>
  </item>
  <item name="io.agora.rtc.base.Annotations.AgoraUserPriority">
    <annotation name="androidx.annotation.IntDef">
      <val name="value" val="{io.agora.rtc.Constants.USER_PRIORITY_HIGH, io.agora.rtc.Constants.USER_PRIORITY_NORMAL}" />
    </annotation>
  </item>
  <item name="io.agora.rtc.base.Annotations.AgoraVideoCodecProfileType">
    <annotation name="androidx.annotation.IntDef">
      <val name="value" val="{io.agora.rtc.base.Annotations.AgoraVideoCodecProfileType.BASELINE, io.agora.rtc.base.Annotations.AgoraVideoCodecProfileType.MAIN, io.agora.rtc.base.Annotations.AgoraVideoCodecProfileType.HIGH}" />
    </annotation>
  </item>
  <item name="io.agora.rtc.base.Annotations.AgoraVideoFrameRate">
    <annotation name="androidx.annotation.IntDef">
      <val name="value" val="{io.agora.rtc.base.Annotations.AgoraVideoFrameRate.FRAME_RATE_FPS_1, io.agora.rtc.base.Annotations.AgoraVideoFrameRate.FRAME_RATE_FPS_7, io.agora.rtc.base.Annotations.AgoraVideoFrameRate.FRAME_RATE_FPS_10, io.agora.rtc.base.Annotations.AgoraVideoFrameRate.FRAME_RATE_FPS_15, io.agora.rtc.base.Annotations.AgoraVideoFrameRate.FRAME_RATE_FPS_24, io.agora.rtc.base.Annotations.AgoraVideoFrameRate.FRAME_RATE_FPS_30}" />
    </annotation>
  </item>
  <item name="io.agora.rtc.base.Annotations.AgoraVideoMirrorMode">
    <annotation name="androidx.annotation.IntDef">
      <val name="value" val="{io.agora.rtc.Constants.VIDEO_MIRROR_MODE_AUTO, io.agora.rtc.Constants.VIDEO_MIRROR_MODE_ENABLED, io.agora.rtc.Constants.VIDEO_MIRROR_MODE_DISABLED}" />
    </annotation>
  </item>
  <item name="io.agora.rtc.base.Annotations.AgoraVideoOutputOrientationMode">
    <annotation name="androidx.annotation.IntDef">
      <val name="value" val="{io.agora.rtc.base.Annotations.AgoraVideoOutputOrientationMode.ORIENTATION_MODE_ADAPTIVE, io.agora.rtc.base.Annotations.AgoraVideoOutputOrientationMode.ORIENTATION_MODE_FIXED_LANDSCAPE, io.agora.rtc.base.Annotations.AgoraVideoOutputOrientationMode.ORIENTATION_MODE_FIXED_PORTRAIT}" />
    </annotation>
  </item>
  <item name="io.agora.rtc.base.Annotations.AgoraVideoQualityAdaptIndication">
    <annotation name="androidx.annotation.IntDef">
      <val name="value" val="{io.agora.rtc.Constants.ADAPT_NONE, io.agora.rtc.Constants.ADAPT_UP_BANDWIDTH, io.agora.rtc.Constants.ADAPT_DOWN_BANDWIDTH}" />
    </annotation>
  </item>
  <item name="io.agora.rtc.base.Annotations.AgoraVideoRemoteState">
    <annotation name="androidx.annotation.IntDef">
      <val name="value" val="{io.agora.rtc.Constants.REMOTE_VIDEO_STATE_STOPPED, io.agora.rtc.Constants.REMOTE_VIDEO_STATE_STARTING, io.agora.rtc.Constants.REMOTE_VIDEO_STATE_DECODING, io.agora.rtc.Constants.REMOTE_VIDEO_STATE_FROZEN, io.agora.rtc.Constants.REMOTE_VIDEO_STATE_FAILED}" />
    </annotation>
  </item>
  <item name="io.agora.rtc.base.Annotations.AgoraVideoRemoteStateReason">
    <annotation name="androidx.annotation.IntDef">
      <val name="value" val="{io.agora.rtc.Constants.REMOTE_VIDEO_STATE_REASON_INTERNAL, io.agora.rtc.Constants.REMOTE_VIDEO_STATE_REASON_NETWORK_CONGESTION, io.agora.rtc.Constants.REMOTE_VIDEO_STATE_REASON_NETWORK_RECOVERY, io.agora.rtc.Constants.REMOTE_VIDEO_STATE_REASON_LOCAL_MUTED, io.agora.rtc.Constants.REMOTE_VIDEO_STATE_REASON_LOCAL_UNMUTED, io.agora.rtc.Constants.REMOTE_VIDEO_STATE_REASON_REMOTE_MUTED, io.agora.rtc.Constants.REMOTE_VIDEO_STATE_REASON_REMOTE_UNMUTED, io.agora.rtc.Constants.REMOTE_VIDEO_STATE_REASON_REMOTE_OFFLINE, io.agora.rtc.Constants.REMOTE_VIDEO_STATE_REASON_AUDIO_FALLBACK, io.agora.rtc.Constants.REMOTE_VIDEO_STATE_REASON_AUDIO_FALLBACK_RECOVERY}" />
    </annotation>
  </item>
  <item name="io.agora.rtc.base.Annotations.AgoraVideoRenderMode">
    <annotation name="androidx.annotation.IntDef">
      <val name="value" val="{io.agora.rtc.video.VideoCanvas.RENDER_MODE_HIDDEN, io.agora.rtc.video.VideoCanvas.RENDER_MODE_FIT, io.agora.rtc.video.VideoCanvas.RENDER_MODE_ADAPTIVE, io.agora.rtc.video.VideoCanvas.RENDER_MODE_FILL}" />
    </annotation>
  </item>
  <item name="io.agora.rtc.base.Annotations.AgoraVideoStreamType">
    <annotation name="androidx.annotation.IntDef">
      <val name="value" val="{io.agora.rtc.Constants.VIDEO_STREAM_HIGH, io.agora.rtc.Constants.VIDEO_STREAM_LOW}" />
    </annotation>
  </item>
  <item name="io.agora.rtc.base.Annotations.AgoraVoiceBeautifierPreset">
    <annotation name="androidx.annotation.IntDef">
      <val name="value" val="{io.agora.rtc.Constants.VOICE_BEAUTIFIER_OFF, io.agora.rtc.Constants.CHAT_BEAUTIFIER_MAGNETIC, io.agora.rtc.Constants.CHAT_BEAUTIFIER_FRESH, io.agora.rtc.Constants.CHAT_BEAUTIFIER_VITALITY, io.agora.rtc.Constants.TIMBRE_TRANSFORMATION_VIGOROUS, io.agora.rtc.Constants.TIMBRE_TRANSFORMATION_DEEP, io.agora.rtc.Constants.TIMBRE_TRANSFORMATION_MELLOW, io.agora.rtc.Constants.TIMBRE_TRANSFORMATION_FALSETTO, io.agora.rtc.Constants.TIMBRE_TRANSFORMATION_FULL, io.agora.rtc.Constants.TIMBRE_TRANSFORMATION_CLEAR, io.agora.rtc.Constants.TIMBRE_TRANSFORMATION_RESOUNDING, io.agora.rtc.Constants.TIMBRE_TRANSFORMATION_RINGING}" />
    </annotation>
  </item>
  <item name="io.agora.rtc.base.Annotations.AgoraWarningCode">
    <annotation name="androidx.annotation.IntDef">
      <val name="value" val="{io.agora.rtc.Constants.WARN_INVALID_VIEW, io.agora.rtc.Constants.WARN_INIT_VIDEO, io.agora.rtc.Constants.WARN_PENDING, io.agora.rtc.Constants.WARN_NO_AVAILABLE_CHANNEL, io.agora.rtc.Constants.WARN_LOOKUP_CHANNEL_TIMEOUT, io.agora.rtc.Constants.WARN_LOOKUP_CHANNEL_REJECTED, io.agora.rtc.Constants.WARN_OPEN_CHANNEL_TIMEOUT, io.agora.rtc.Constants.WARN_OPEN_CHANNEL_REJECTED, io.agora.rtc.Constants.WARN_SWITCH_LIVE_VIDEO_TIMEOUT, io.agora.rtc.Constants.WARN_SET_CLIENT_ROLE_TIMEOUT, io.agora.rtc.Constants.WARN_SET_CLIENT_ROLE_NOT_AUTHORIZED, io.agora.rtc.Constants.WARN_OPEN_CHANNEL_INVALID_TICKET, io.agora.rtc.Constants.WARN_OPEN_CHANNEL_TRY_NEXT_VOS, io.agora.rtc.Constants.WARN_AUDIO_MIXING_OPEN_ERROR, io.agora.rtc.Constants.WARN_ADM_RUNTIME_PLAYOUT_WARNING, io.agora.rtc.Constants.WARN_ADM_RUNTIME_RECORDING_WARNING, io.agora.rtc.Constants.WARN_ADM_RECORD_AUDIO_SILENCE, io.agora.rtc.Constants.WARN_ADM_PLAYOUT_ABNORMAL_FREQUENCY, io.agora.rtc.Constants.WARN_ADM_RECORD_ABNORMAL_FREQUENCY, io.agora.rtc.Constants.WARN_ADM_CALL_INTERRUPTION, io.agora.rtc.Constants.WARN_ADM_RECORD_AUDIO_LOWLEVEL, io.agora.rtc.Constants.WARN_ADM_PLAYOUT_AUDIO_LOWLEVEL, io.agora.rtc.Constants.WARN_ADM_RECORD_IS_OCCUPIED, io.agora.rtc.Constants.WARN_APM_HOWLING, io.agora.rtc.Constants.WARN_ADM_GLITCH_STATE, io.agora.rtc.Constants.WARN_ADM_IMPROPER_SETTINGS, io.agora.rtc.Constants.WARN_SUPER_RESOLUTION_STREAM_OVER_LIMITATION, io.agora.rtc.Constants.WARN_SUPER_RESOLUTION_USER_COUNT_OVER_LIMITATION, io.agora.rtc.Constants.WARN_SUPER_RESOLUTION_DEVICE_NOT_SUPPORTED}" />
    </annotation>
  </item>
</root>

